status,video_id,date,service,series,title,mp3_url,best_catalog_match,match_score,date_match
review,fbc-2026-05-20mw-faith-through-trials,20260520,MW,,Faith Through Trials,https://fbcministries.net/sermons/2026-05-20MW-Faith_Through_Trials.mp3,"""Faith Through Trials""  Hebrews 11:17-19",1.0,
review,fbc-2026-05-13mw-through-faith-sara,20260513,MW,,Through Faith Sara,http://fbcministries.net/sermons/2026-05-13MW-Through_Faith_Sara.mp3,"""Faith Through Trials""  Hebrews 11:17-19",0.5,
missing,fbc-2026-05-10pm-thou-hast-put-gladness-in-my-heart,20260510,PM,,Thou Hast Put Gladness In My Heart,https://fbcministries.net/sermons/2026-05-10PM-Thou_Hast_Put_Gladness_In_My_Heart.mp3,"""That Your Heart Be Not Deceived"" Deuteronomy 11:1-17",0.2,
missing,fbc-2026-04-01mw-by-faith-abel,20260401,MW,,By Faith Abel,http://fbcministries.net/sermons/2026-04-01MW-By_Faith_Abel.mp3,"""Living By Faith - Part 2"" James 2:25-26",0.33,
missing,fbc-2026-03-25mw-conquering-doubt,20260325,MW,,Conquering Doubt,http://fbcministries.net/sermons/2026-03-25MW-Conquering_Doubt.mp3,,0.0,
missing,fbc-2026-03-18mw-consequences-of-doubt,20260318,MW,,Consequences Of Doubt,http://fbcministries.net/sermons/2026-03-18MW-Consequences_Of_Doubt.mp3,,0.0,
missing,fbc-2026-03-11mw-identifying-doubt,20260311,MW,,Identifying Doubt,http://fbcministries.net/sermons/2026-03-11MW-Identifying_Doubt.mp3,,0.0,
missing,fbc-2026-02-25mw-they-believed-not,20260225,MW,,They Believed Not,http://fbcministries.net/sermons/2026-02-25MW-They_Believed_Not.mp3,"""They Crucified Him"" Matthew 27:27-50",0.25,
missing,fbc-2026-02-18mw-because-of-your-unbelief,20260218,MW,,Because Of Your Unbelief,http://fbcministries.net/sermons/2026-02-18MW-Because_Of_Your_Unbelief.mp3,"""Because He Lives"" I Corinthians 15",0.25,
missing,fbc-2026-02-11mw-if-thou-canst-do-anything,20260211,MW,,If Thou Canst Do Anything,http://fbcministries.net/sermons/2026-02-11MW-If_Thou_Canst_Do_Anything.mp3,"""Do Not Err - Part 1"" James 1:13-16",0.2,
missing,fbc-2026-01-21mw-a-longing-to-see-god-work-part-three,20260121,MW,,A Longing To See God Work Part Three,http://fbcministries.net/sermons/2026-01-21MW-A_Longing_To_See_God_Work_Part_Three.mp3,"""In Heaven - Part Three""   Revelation 4:6-8",0.29,
review,fbc-2026-01-18am-we-lack-wisdom,20260118,AM,Doers Of The Word Series,We Lack Wisdom,http://fbcministries.net/sermons/Doers_Of_The_Word_Series/2026-01-18AM-We_Lack_Wisdom.mp3,"""We Lack Wisdom""  James 1:5-8",1.0,
missing,fbc-2026-01-14mw-a-longing-to-see-god-work-part-two,20260114,MW,,A Longing To See God Work Part Two,http://fbcministries.net/sermons/2026-01-14MW-A_Longing_To_See_God_Work_Part_Two.mp3,"""God's Grace Is Sufficient - Part Two"" II Corinthians 12:9",0.3,
missing,fbc-2026-01-07mw-a-longing-to-see-god-work-part-one,20260107,MW,,A Longing To See God Work Part One,http://fbcministries.net/sermons/2026-01-07MW-A_Longing_To_See_God_Work_Part_One.mp3,"""Behavior In God's Church - Part One"" I Timothy 2:9-15",0.3,
review,fbc-2025-12-28am-gods-grace-is-sufficient-part-two,20251228,AM,Gods Grace Is Sufficient Series,Gods Grace Is Sufficient Part Two,http://fbcministries.net/sermons/Gods_Grace_Is_Sufficient_Series/2025-12-28AM-Gods_Grace_Is_Sufficient_Part_Two.mp3,"""God's Grace Is Sufficient - Part Two"" II Corinthians 12:9",0.5,
missing,fbc-2025-12-28pm-five-tips-for-a-successful-year,20251228,PM,,Five Tips For A Successful Year,http://fbcministries.net/sermons/2025-12-28PM-Five_Tips_For_A_Successful_Year.mp3,"""What Shall We Eat The Seventh Year?"" Leviticus 25:1-7, 18-22",0.12,
missing,fbc-2025-12-24pm-christmas-message,20251224,PM,,Christmas Message,http://fbcministries.net/sermons/2025-12-24PM-Christmas_Message.mp3,"""The Miracle Of Christmas"" Galatians 4:4-7",0.33,
missing,fbc-2025-12-17mw-what-if-they-hearkened,20251217,MW,,What If They Hearkened,http://fbcministries.net/sermons/2025-12-17MW-What_If_They_Hearkened.mp3,"""They Crucified Him"" Matthew 27:27-50",0.17,
missing,fbc-2025-12-10mw-they-hearkened-not,20251210,MW,,They Hearkened Not,http://fbcministries.net/sermons/2025-12-10MW-They_Hearkened_Not.mp3,"""They Crucified Him"" Matthew 27:27-50",0.25,
missing,fbc-2025-12-03mw-wilt-thou-hearken,20251203,MW,,Wilt Thou Hearken,http://fbcministries.net/sermons/2025-12-03MW-Wilt_Thou_Hearken.mp3,,0.0,
missing,fbc-2025-11-19mw-proved-at-meribah,20251119,MW,,Proved At Meribah,http://fbcministries.net/sermons/2025-11-19MW-Proved_At_Meribah.mp3,,0.0,
review,fbc-2025-11-12mw-thou-called-i-answered,20251112,MW,,Thou Called I Answered,http://fbcministries.net/sermons/2025-11-12MW-Thou_Called_I_Answered.mp3,"""Thou Called And I Delivered"" Psalm 81:7",0.5,
missing,fbc-2025-11-09pm-back-to-calvary,20251109,PM,,Back To Calvary,http://fbcministries.net/sermons/2025-11-09PM-Back_To_Calvary.mp3,,0.0,
missing,fbc-2025-11-05mw-went-out-of-egypt,20251105,MW,,Went Out Of Egypt,http://fbcministries.net/sermons/2025-11-05MW-Went_Out_Of_Egypt.mp3,"""Joseph's Brethren Went Down To Buy Corn In Egypt"" Genesis 42:1-38",0.22,
missing,fbc-2025-10-29mw-praise-with-song,20251029,MW,,Praise With Song,http://fbcministries.net/sermons/2025-10-29MW-Praise_With_Song.mp3,"""I Will Praise Thy Name"" Psalm 54:1-7",0.25,
missing,fbc-2025-10-22mw-the-feast-of-tabernacles,20251022,MW,,The Feast Of Tabernacles,http://fbcministries.net/sermons/2025-10-22MW-The_Feast_Of_Tabernacles.mp3,"""Abraham Made A Great Feast"" Genesis 21:8-21",0.2,
missing,fbc-2025-10-15mw-a-longing-for-forgiveness,20251015,MW,,A Longing For Forgiveness,http://fbcministries.net/sermons/2025-10-15MW-A_Longing_For_Forgiveness.mp3,"""Forgiveness"" II Corinthians 2:5-11",0.33,
missing,fbc-2025-10-12pm-come-and-help,20251012,PM,,Come And Help,http://fbcministries.net/sermons/2025-10-12PM-Come_And_Help.mp3,"""The Generation To Come"" Psalm 78:1-8",0.33,
missing,fbc-2025-10-08mw-a-longing-for-direction,20251008,MW,,A Longing For Direction,http://fbcministries.net/sermons/2025-10-08MW-A_Longing_For_Direction.mp3,"""Direction And Deliverance"" Luke 11:4",0.33,
missing,fbc-2025-10-01mw-a-longing-for-peace,20251001,MW,,A Longing For Peace,http://fbcministries.net/sermons/2025-10-01MW-A_Longing_For_Peace.mp3,"""Grace, Mercy And Peace"" II Timothy 1:1-2",0.2,
missing,fbc-2025-09-24mw-we-will-remember-the-name-of-our-god,20250924,MW,,We Will Remember The Name Of Our God,http://fbcministries.net/sermons/2025-09-24MW-We_Will_Remember_The_Name_Of_Our_God.mp3,"""We Know That We Are Of God"" I John 5:16-21",0.29,
missing,fbc-2025-09-10mw-my-soul-thirsteth-for-god,20250910,MW,,My Soul Thirsteth For God,http://fbcministries.net/sermons/2025-09-10MW-My_Soul_Thirsteth_For_God.mp3,"""God Is Able""  Ephesians 3:20-21",0.25,
missing,fbc-2025-09-03mw-el-olam,20250903,MW,,El Olam,http://fbcministries.net/sermons/2025-09-03MW-El_Olam.mp3,"""El Shaddai"" Genesis 17:1",0.33,
missing,fbc-2025-08-27mw-el-roi,20250827,MW,,El Roi,http://fbcministries.net/sermons/2025-08-27MW-El_Roi.mp3,"""El Shaddai"" Genesis 17:1",0.33,
missing,fbc-2025-08-06mw-when-they-had-fasted-and-prayed,20250806,MW,,When They Had Fasted And Prayed,http://fbcministries.net/sermons/2025-08-06MW-When_They_Had_Fasted_And_Prayed.mp3,"""They Rehearsed All That God Had Done"" Acts 14:21-28",0.22,
missing,fbc-2025-07-16mw-i-will-rain-bread-from-heaven,20250716,MW,,I Will Rain Bread From Heaven,http://fbcministries.net/sermons/2025-07-16MW-I_Will_Rain_Bread_From_Heaven.mp3,"""Sanctification"" I Thessalonians 5:23",0.2,
missing,fbc-2025-07-09mw-how-do-we-respond-to-god,20250709,MW,,How Do We Respond To God,http://fbcministries.net/sermons/2025-07-09MW-How_Do_We_Respond_To_God.mp3,"""How Shall We Order The Child?"" Judges 13",0.29,
missing,fbc-2025-07-02mw-jehovah-shalom,20250702,MW,,Jehovah Shalom,http://fbcministries.net/sermons/2025-07-02MW-Jehovah_Shalom.mp3,,0.0,
missing,fbc-2025-06-25mw-beware-of-false-teachers,20250625,MW,,Beware Of False Teachers,http://fbcministries.net/sermons/2025-06-25MW-Beware_Of_False_Teachers.mp3,"""Beware!"" Colossians 2:8-10",0.33,
review,fbc-2025-06-04mw-why-have-a-missions-conference,20250604,MW,,Why Have A Missions Conference,http://fbcministries.net/sermons/2025-06-04MW-Why_Have_A_Missions_Conference.mp3,"""Why Missions?"" Romans 10:13-17",0.5,
missing,fbc-2025-05-21mw-jesus-our-shepherd,20250521,MW,,Jesus Our Shepherd,http://fbcministries.net/sermons/2025-05-21MW-Jesus_Our_Shepherd.mp3,"""Living For Jesus"" John 6:66-69",0.33,
missing,fbc-2025-05-14mw-the-presence-of-my-shepherd,20250514,MW,,The Presence Of My Shepherd,http://fbcministries.net/sermons/2025-05-14MW-The_Presence_Of_My_Shepherd.mp3,,0.0,
missing,fbc-2025-05-07mw-the-protection-of-my-shepherd,20250507,MW,,The Protection Of My Shepherd,http://fbcministries.net/sermons/2025-05-07MW-The_Protection_Of_My_Shepherd.mp3,,0.0,
missing,fbc-2025-04-23mw-my-shepherd-provides-for-me,20250423,MW,,My Shepherd Provides For Me,http://fbcministries.net/sermons/2025-04-23MW-My_Shepherd_Provides_For_Me.mp3,"""Thou Art With Me"" Psalm 23:4",0.25,
missing,fbc-2025-04-20am-jesus-drew-near-and-went-with-them,20250420,AM,,Jesus Drew Near And Went With Them,http://fbcministries.net/sermons/2025-04-20AM-Jesus_Drew_Near_And_Went_With_Them.mp3,"""Jesus Stood In The Midst Of Them"" Luke 24:36-53",0.29,
missing,fbc-2025-04-16mw-jehovah-raah,20250416,MW,,Jehovah Raah,http://fbcministries.net/sermons/2025-04-16MW-Jehovah_Raah.mp3,,0.0,
missing,fbc-2025-04-09mw-jehovah-rapha,20250409,MW,,Jehovah Rapha,http://fbcministries.net/sermons/2025-04-09MW-Jehovah_Rapha.mp3,,0.0,
missing,fbc-2025-03-26mw-jehovah,20250326,MW,,Jehovah,http://fbcministries.net/sermons/2025-03-26MW-Jehovah.mp3,,0.0,
missing,fbc-2025-03-19mw-jehovah-jireh,20250319,MW,,Jehovah Jireh,http://fbcministries.net/sermons/2025-03-19MW-Jehovah_Jireh.mp3,,0.0,
review,fbc-2025-03-12mw-el-shaddai,20250312,MW,,El Shaddai,http://fbcministries.net/sermons/2025-03-12MW-El_Shaddai.mp3,"""El Shaddai"" Genesis 17:1",1.0,
missing,fbc-2025-02-26mw-adonai,20250226,MW,,Adonai,http://fbcministries.net/sermons/2025-02-26MW-Adonai.mp3,,0.0,
missing,fbc-2025-02-19mw-el-elyon,20250219,MW,,El Elyon,http://fbcministries.net/sermons/2025-02-19MW-El_Elyon.mp3,"""El Shaddai"" Genesis 17:1",0.33,
missing,fbc-2025-02-05mw-elohim,20250205,MW,,Elohim,http://fbcministries.net/sermons/2025-02-05MW-Elohim.mp3,,0.0,
missing,fbc-2025-01-29mw-because-he-hath-known-my-name,20250129,MW,,Because He Hath Known My Name,http://fbcministries.net/sermons/2025-01-29MW-Because_He_Hath_Known_My_Name.mp3,"""Thy Name Shall Be Abraham"" Genesis 17:2-27",0.2,
review,fbc-2025-01-22mw-the-righteous-lord-loveth-righteousness,20250122,MW,,The Righteous Lord Loveth Righteousness,http://fbcministries.net/sermons/2025-01-22MW-The_Righteous_Lord_Loveth_Righteousness.mp3,"""The Righteous Lord Loveth Righteousness"" Psalm 11:7",1.0,
missing,fbc-2025-01-15mw-what-can-the-righteous-do,20250115,MW,,What Can The Righteous Do,http://fbcministries.net/sermons/2025-01-15MW-What_Can_The_Righteous_Do.mp3,"""What Must I Do To Be Saved?"" Acts 16:11-34",0.29,
missing,fbc-2025-01-08mw-under-attack,20250108,MW,,Under Attack,http://fbcministries.net/sermons/2025-01-08MW-Under_Attack.mp3,,0.0,
missing,fbc-2024-12-22pm-let-me-not-wander-from-thy-commandments,20241222,PM,,Let Me Not Wander From Thy Commandments,http://fbcministries.net/sermons/2024-12-22PM-Let_Me_Not_Wander_From_Thy_Commandments.mp3,"""Thou Art With Me"" Psalm 23:4",0.2,
missing,fbc-2024-12-08pm-unto-the-church-in-smyrna,20241208,PM,Revelation Series,Unto The Church In Smyrna,http://fbcministries.net/sermons/Revelation_Series/2024-12-08PM-Unto_The_Church_In_Smyrna.mp3,"""A Praying Church""  Acts 12:1-19",0.33,
missing,fbc-2024-12-08am-profitable-for-the-ministry,20241208,AM,Timothy Series,Profitable For The Ministry,http://fbcministries.net/sermons/Timothy_Series/2024-12-08AM-Profitable_For_The_Ministry.mp3,"""Fulfil Your Ministry"" Colossians 4:14-18",0.33,
missing,fbc-2024-12-04mw-the-declaration-of-the-psalmist,20241204,MW,,The Declaration Of The Psalmist,http://fbcministries.net/sermons/2024-12-04MW-The_Declaration_Of_The_Psalmist.mp3,,0.0,
missing,fbc-2024-11-24am-i-have-finished-my-course,20241124,AM,Timothy Series,I Have Finished My Course,http://fbcministries.net/sermons/Timothy_Series/2024-11-24AM-I_Have_Finished_My_Course.mp3,"""I Have Learned To Be Content"" Philippians 4:10-12",0.33,
review,fbc-2024-11-20mw-we-ought-to-walk-as-christ-walked-part-5,20241120,MW,Doing What We Ought Series,We Ought To Walk As Christ Walked Part 5,http://fbcministries.net/sermons/Doing_What_We_Ought_Series/2024-11-20MW-We_Ought_To_Walk_As_Christ_Walked_Part_5.mp3,"""We Ought To Walk As Christ Walked - Part 4"" I John 2:6",0.71,
review,fbc-2024-11-10am-preparation-for-persecution,20241110,AM,Timothy Series,Preparation For Persecution,http://fbcministries.net/sermons/Timothy_Series/2024-11-10AM-Preparation_For_Persecution.mp3,"""Preparation For Persecution"" II Timothy 3:10-12",0.67,yes
missing,fbc-2024-09-01pm-consecrated-for-service,20240901,PM,,Consecrated For Service,http://fbcministries.net/sermons/2024-09-01PM-Consecrated_For_Service.mp3,"""Strengthened For Service"" II Timothy 4:14-22",0.25,
review,fbc-2024-08-25pm-tongues-shall-cease,20240825,PM,,Tongues Shall Cease,http://fbcministries.net/sermons/2024-08-25PM-Tongues_Shall_Cease.mp3,"""Tongues Shall Cease"" I Corinthians 13:8",0.67,
missing,fbc-2024-08-11am-redemption-through-his-blood,20240811,AM,Timothy Series,Redemption Through His Blood,http://fbcministries.net/sermons/Timothy_Series/2024-08-11AM-Redemption_Through_His_Blood.mp3,"""Faith Through Trials""  Hebrews 11:17-19",0.2,
missing,fbc-2024-08-04am-he-oft-refreshed-me,20240804,AM,Timothy Series,He Oft Refreshed Me,http://fbcministries.net/sermons/Timothy_Series/2024-08-04AM-He_Oft_Refreshed_Me.mp3,"""Thou Art With Me"" Psalm 23:4",0.25,
review,fbc-2024-07-14pm-fishers-of-men-part-3,20240714,PM,,Fishers Of Men Part 3,http://fbcministries.net/sermons/2024-07-14PM-Fishers_Of_Men_Part_3.mp3,"""Fishers Of Men - Part Three"" Matthew 4:19",0.75,
missing,fbc-2024-07-03mw-the-totality-of-scripture,20240703,MW,Walk Worthy Series,The Totality Of Scripture,http://fbcministries.net/sermons/Walk_Worthy_Series/2024-07-03MW-The_Totality_Of_Scripture.mp3,,0.0,
missing,fbc-2024-05-01mw-ponder-the-promises,20240501,MW,Walk Worthy Series,Ponder The Promises,http://fbcministries.net/sermons/Walk_Worthy_Series/2024-05-01MW-Ponder_The_Promises.mp3,,0.0,
review,fbc-2024-04-07pm-jacob-blesses-his-sons-part-3,20240407,PM,Genesis Series,Jacob Blesses His Sons Part 3,http://fbcministries.net/sermons/Genesis_Series/2024-04-07PM-Jacob_Blesses_His_Sons_Part_3.mp3,"""Jacob Blesses His Sons - Part Two"" Genesis 49:13-19",0.8,
review,fbc-2024-03-20mw-in-every-thing-give-thanks,20240320,MW,Walk Worthy Series,In Every Thing Give Thanks,http://fbcministries.net/sermons/Walk_Worthy_Series/2024-03-20MW-In_Every_Thing_Give_Thanks.mp3,"""In Every Thing Give Thanks"" I Thessalonians 5:18",0.8,
review,fbc-2024-02-28mw-rejoice-evermore,20240228,MW,Walk Worthy Series,Rejoice Evermore,http://fbcministries.net/sermons/Walk_Worthy_Series/2024-02-28MW-Rejoice_Evermore.mp3,"""Rejoice Evermore"" I Thessalonians 5:16",0.67,
review,fbc-2023-12-03am-so-run-that-ye-may-obtain,20231203,AM,Great Is The Lord Series,So Run That Ye May Obtain,http://fbcministries.net/sermons/Great_Is_The_Lord_Series/2023-12-03AM-So_Run_That_Ye_May_Obtain.mp3,"""So Run, That Ye May Obtain"" Acts 20:17-36",1.0,
missing,fbc-2023-11-29mw-overwhelmed-and-desolate-part-1,20231129,MW,Walk Worthy,Overwhelmed And Desolate Part 1,http://fbcministries.net/sermons/Walk_Worthy/2023-11-29MW-Overwhelmed_And_Desolate_Part_1.mp3,"""In Heaven - Part Three""   Revelation 4:6-8",0.2,
missing,fbc-2023-11-15mw-lessons-from-ruth,20231115,MW,Ruth Series,Lessons From Ruth,http://fbcministries.net/sermons/Ruth_Series/2023-11-15MW-Lessons_From_Ruth.mp3,"""Seven Lessons From Seven Churches""  Revelation 2-3",0.25,
missing,fbc-2023-11-08mw-they-called-his-name-obed,20231108,MW,Ruth Series,They Called His Name Obed,http://fbcministries.net/sermons/Ruth_Series/2023-11-08MW-They_Called_His_Name_Obed.mp3,"""Thy Name Shall Be Abraham"" Genesis 17:2-27",0.2,
missing,fbc-2023-11-01mw-boaz-completed-the-transaction,20231101,MW,Ruth Series,Boaz Completed The Transaction,http://fbcministries.net/sermons/Ruth_Series/2023-11-01MW-Boaz_Completed_The_Transaction.mp3,"""The Great Transaction""  II Corinthians 5:21",0.2,
missing,fbc-2023-10-29pm-i-have-set-thee-over-all-the-land-of-egypt,20231029,PM,Genesis Series,I Have Set Thee Over All The Land Of Egypt,http://fbcministries.net/sermons/Genesis_Series/2023-10-29PM-I_Have_Set_Thee_Over_All_The_Land_Of_Egypt.mp3,"""No Bread In All The Land"" Genesis 47:13-26",0.22,
missing,fbc-2023-10-25mw-i-will-do-to-thee-all-that-thou-requirest,20231025,MW,Ruth Series,I Will Do To Thee All That Thou Requirest,http://fbcministries.net/sermons/Ruth_Series/2023-10-25MW-I_Will_Do_To_Thee_All_That_Thou_Requirest.mp3,"""This Do In Remembrance Of Me"" I Corinthians 11:23-32",0.33,
missing,fbc-2023-10-18mw-why-scripture-assembly,20231018,MW,,Why Scripture Assembly,http://fbcministries.net/sermons/2023-10-18MW-Why_Scripture_Assembly.mp3,"""Why Missions?"" Romans 10:13-17",0.25,
missing,fbc-2023-09-24pm-they-beckoned-unto-their-partners,20230924,PM,,They Beckoned Unto Their Partners,http://fbcministries.net/sermons/2023-09-24PM-They_Beckoned_Unto_Their_Partners.mp3,"""They Crucified Him"" Matthew 27:27-50",0.17,
missing,fbc-2023-09-13mw-revive-us-again,20230913,MW,,Revive Us Again,http://fbcministries.net/sermons/2023-09-13MW-Revive_Us_Again.mp3,"""Turn Thou Us Unto Thee"" Lamentations 5:19-22",0.25,
missing,fbc-2023-09-06mw-handfuls-of-purpose,20230906,MW,Ruth Series,Handfuls Of Purpose,http://fbcministries.net/sermons/Ruth_Series/2023-09-06MW-Handfuls_Of_Purpose.mp3,,0.0,
missing,fbc-2023-08-30mw-boaz-meets-ruth,20230830,MW,Ruth Series,Boaz Meets Ruth,http://fbcministries.net/sermons/Ruth_Series/2023-08-30MW-Boaz_Meets_Ruth.mp3,,0.0,
missing,fbc-2023-08-23mw-ruth-in-the-field-of-boaz,20230823,MW,Ruth Series,Ruth In The Field Of Boaz,http://fbcministries.net/sermons/Ruth_Series/2023-08-23MW-Ruth_In_The_Field_Of_Boaz.mp3,,0.0,
missing,fbc-2023-08-16mw-they-came-to-bethlehem,20230816,MW,Ruth Series,They Came To Bethlehem,http://fbcministries.net/sermons/Ruth_Series/2023-08-16MW-They_Came_To_Bethlehem.mp3,"""They Crucified Him"" Matthew 27:27-50",0.2,
missing,fbc-2023-08-09mw-ruth-made-her-choice,20230809,MW,Ruth Series,Ruth Made Her Choice,http://fbcministries.net/sermons/Ruth_Series/2023-08-09MW-Ruth_Made_Her_Choice.mp3,"""The Choice Is Yours"" Joshua 24:14-16",0.25,
missing,fbc-2023-04-12mw-the-lord-is-my-strong-refuge,20230412,MW,,The Lord Is My Strong Refuge,http://fbcministries.net/sermons/2023-04-12MW-The_Lord_Is_My_Strong_Refuge.mp3,"""Great Is The Lord"" Psalm 48:1-2",0.25,
missing,fbc-2023-04-05mw-the-lord-is-my-hope,20230405,MW,,The Lord Is My Hope,http://fbcministries.net/sermons/2023-04-05MW-The_Lord_Is_My_Hope.mp3,"""Great Is The Lord"" Psalm 48:1-2",0.33,
missing,fbc-2023-03-29mw-the-lord-is-my-fortress,20230329,MW,,The Lord Is My Fortress,http://fbcministries.net/sermons/2023-03-29MW-The_Lord_Is_My_Fortress.mp3,"""Great Is The Lord"" Psalm 48:1-2",0.33,
missing,fbc-2023-03-23mw-the-lord-is-my-rock,20230323,MW,,The Lord Is My Rock,http://fbcministries.net/sermons/2023-03-23MW-The_Lord_Is_My_Rock.mp3,"""Great Is The Lord"" Psalm 48:1-2",0.33,
review,fbc-2023-03-15mw-the-lord-is-my,20230315,MW,,The Lord Is My ...,http://fbcministries.net/sermons/2023-03-15MW-The_Lord_Is_My_....mp3,"""Great Is The Lord"" Psalm 48:1-2",0.5,
missing,fbc-2023-03-01mw-the-end-is-peace,20230301,MW,,The End Is Peace,http://fbcministries.net/sermons/2023-03-01MW-The_End_Is_Peace.mp3,"""He Loved Them Unto The End"" John 13:1",0.25,
missing,fbc-2023-02-15mw-our-divine-protector,20230215,MW,,Our Divine Protector,http://fbcministries.net/sermons/2023-02-15MW-Our_Divine_Protector.mp3,,0.0,
missing,fbc-2023-02-12pm-jacobs-encounter-with-god,20230212,PM,Genesis Series,Jacobs Encounter With God,http://fbcministries.net/sermons/Genesis_Series/2023-02-12PM-Jacobs_Encounter_With_God.mp3,"""God Is Able""  Ephesians 3:20-21",0.25,
missing,fbc-2023-02-08mw-the-law-of-his-god-is-in-his-heart,20230208,MW,,The Law Of His God Is In His Heart,http://fbcministries.net/sermons/2023-02-08MW-The_Law_Of_His_God_Is_In_His_Heart.mp3,"""Loving God With All Your Heart"" John 21:15-19",0.4,
missing,fbc-2023-02-01mw-the-lord-forsaketh-not-his-saints,20230201,MW,,The Lord Forsaketh Not His Saints,http://fbcministries.net/sermons/2023-02-01MW-The_Lord_Forsaketh_Not_His_Saints.mp3,"""Great Is The Lord"" Psalm 48:1-2",0.25,
missing,fbc-2023-01-25mw-a-recognition-of-gods-faithfulness,20230125,MW,,A Recognition Of Gods Faithfulness,http://fbcministries.net/sermons/2023-01-25MW-A_Recognition_Of_Gods_Faithfulness.mp3,,0.0,
missing,fbc-2023-01-18mw-the-lord-upholdeth-him-with-his-hand,20230118,MW,,The Lord Upholdeth Him With His Hand,http://fbcministries.net/sermons/2023-01-18MW-The_Lord_Upholdeth_Him_With_His_Hand.mp3,"""Great Is The Lord"" Psalm 48:1-2",0.2,
missing,fbc-2023-01-15pm-conviction-or-preference,20230115,PM,,Conviction Or Preference,http://fbcministries.net/sermons/2023-01-15PM-Conviction_Or_Preference.mp3,,0.0,
missing,fbc-2023-01-11mw-the-generosity-of-the-righteous,20230111,MW,,The Generosity Of The Righteous,http://fbcministries.net/sermons/2023-01-11MW-The_Generosity_Of_The_Righteous.mp3,"""He That Doeth Righteousness Is Righteous"" I John 3:4-10",0.2,
missing,fbc-2023-01-08pm-when-ye-fast,20230108,PM,,When Ye Fast,http://fbcministries.net/sermons/2023-01-08PM-When_Ye_Fast.mp3,"""When The People Complained"" Numbers 11:1-3",0.25,
missing,fbc-2023-01-04mw-the-lord-knoweth-your-days,20230104,MW,,The Lord Knoweth Your Days,http://fbcministries.net/sermons/2023-01-04MW-The_Lord_Knoweth_Your_Days.mp3,"""Great Is The Lord"" Psalm 48:1-2",0.25,
review,fbc-2023-01-01pm-living-your-faith,20230101,PM,,Living Your Faith,http://fbcministries.net/sermons/2023-01-01PM-Living_Your_Faith.mp3,"""Living By Faith - Part 2"" James 2:25-26",1.0,
missing,fbc-2022-12-28mw-preparation-for-a-new-year,20221228,MW,,Preparation For A New Year,http://fbcministries.net/sermons/2022-12-28MW-Preparation_For_A_New_Year.mp3,"""Preparation For Persecution"" II Timothy 3:10-12",0.2,
missing,fbc-2022-12-25am-they-presented-unto-him-gifts,20221225,AM,,They Presented Unto Him Gifts,http://fbcministries.net/sermons/2022-12-25AM-They_Presented_Unto_Him_Gifts.mp3,"""They Crucified Him"" Matthew 27:27-50",0.4,
missing,fbc-2022-12-21mw-the-lord-upholdeth-the-righteous,20221221,MW,,The Lord Upholdeth The Righteous,http://fbcministries.net/sermons/2022-12-21MW-The_Lord_Upholdeth_The_Righteous.mp3,"""The Righteous Lord Loveth Righteousness"" Psalm 11:7",0.4,
missing,fbc-2022-12-18pm-they-shall-call-his-name-emmanuel,20221218,PM,,They Shall Call His Name Emmanuel,http://fbcministries.net/sermons/2022-12-18PM-They_Shall_Call_His_Name_Emmanuel.mp3,"""Thou Shalt Call His Name Jesus"" Matthew 1:21",0.33,
missing,fbc-2022-12-14mw-when-less-is-more,20221214,MW,,When Less Is More,http://fbcministries.net/sermons/2022-12-14MW-When_Less_Is_More.mp3,"""When The People Complained"" Numbers 11:1-3",0.2,
review,fbc-2022-12-11pm-this-do-in-remembrance-of-me,20221211,PM,,This Do In Remembrance Of Me,http://fbcministries.net/sermons/2022-12-11PM-This_Do_In_Remembrance_Of_Me.mp3,"""This Do In Remembrance Of Me"" I Corinthians 11:23-32",0.75,
missing,fbc-2022-12-07mw-the-hostility-of-the-wicked,20221207,MW,,The Hostility Of The Wicked,http://fbcministries.net/sermons/2022-12-07MW-The_Hostility_Of_The_Wicked.mp3,,0.0,
missing,fbc-2022-11-30mw-cease-from-anger,20221130,MW,,Cease From Anger,http://fbcministries.net/sermons/2022-11-30MW-Cease_From_Anger.mp3,"""Tongues Shall Cease"" I Corinthians 13:8",0.25,
missing,fbc-2022-11-27pm-wherefore-then-serveth-the-law,20221127,PM,,Wherefore Then Serveth The Law,http://fbcministries.net/sermons/2022-11-27PM-Wherefore_Then_Serveth_The_Law.mp3,"""O How Love I Thy Law"" Psalm 119:97",0.12,
missing,fbc-2022-11-16mw-rest-in-the-lord,20221116,MW,,Rest In The Lord,http://fbcministries.net/sermons/2022-11-16MW-Rest_In_The_Lord.mp3,"""Great Is The Lord"" Psalm 48:1-2",0.33,
missing,fbc-2022-10-12mw-trust-in-the-lord-and-do-good,20221012,MW,,Trust In The Lord And Do Good,http://fbcministries.net/sermons/2022-10-12MW-Trust_In_The_Lord_And_Do_Good.mp3,"""Be Of Good Cheer"" John 16:33",0.2,
missing,fbc-2022-10-05mw-fret-not-thyself-because-of-evildoers,20221005,MW,,Fret Not Thyself Because Of Evildoers,http://fbcministries.net/sermons/2022-10-05MW-Fret_Not_Thyself_Because_Of_Evildoers.mp3,"""Why Fret?""  Psalm 37:1-8",0.2,
missing,fbc-2022-09-14mw-the-power-of-ii-chronicles-7-14,20220914,MW,,The Power Of II Chronicles 7:14,http://fbcministries.net/sermons/2022-09-14MW-The_Power_Of_II_Chronicles_7:14.mp3,"""Transformation""   II Corinthians 5:17",0.25,
review,fbc-2022-09-11pm-his-church,20220911,PM,,His Church,http://fbcministries.net/sermons/2022-09-11PM-His_Church.mp3,"""A Praying Church""  Acts 12:1-19",0.5,
missing,fbc-2022-09-07mw-the-actions-of-ii-chronicles-7-14,20220907,MW,,The Actions Of II Chronicles 7:14,http://fbcministries.net/sermons/2022-09-07MW-The_Actions_Of_II_Chronicles_7:14.mp3,"""Transformation""   II Corinthians 5:17",0.25,
missing,fbc-2022-08-31mw-the-condition-of-ii-chronicles-7-14,20220831,MW,,The Condition Of II Chronicles 7:14,http://fbcministries.net/sermons/2022-08-31MW-The_Condition_Of_II_Chronicles_7:14.mp3,"""Transformation""   II Corinthians 5:17",0.25,
missing,fbc-2022-08-28pm-the-indwelling-of-the-holy-spirit,20220828,PM,,The Indwelling Of The Holy Spirit,http://fbcministries.net/sermons/2022-08-28PM-The_Indwelling_Of_The_Holy_Spirit.mp3,"""A Teachable Spirit"" Acts 8:26-39",0.25,
missing,fbc-2022-08-24mw-grace,20220824,MW,,Grace,http://fbcministries.net/sermons/2022-08-24MW-Grace.mp3,"""Grace, Mercy And Peace"" II Timothy 1:1-2",0.25,
missing,fbc-2022-08-17mw-my-fellowlabourers,20220817,MW,,My Fellowlabourers,http://fbcministries.net/sermons/2022-08-17MW-My_Fellowlabourers.mp3,,0.0,
missing,fbc-2022-08-14pm-what-does-the-bible-say-about-ghosts,20220814,PM,,What Does The Bible Say About Ghosts,http://fbcministries.net/sermons/2022-08-14PM-What_Does_The_Bible_Say_About_Ghosts.mp3,"""What About Dinosaurs?"" Genesis 1:24-25",0.29,
missing,fbc-2022-08-10mw-the-power-of-prayer,20220810,MW,,The Power Of Prayer,http://fbcministries.net/sermons/2022-08-10MW-The_Power_Of_Prayer.mp3,"""The Power Of Our Words"" Proverbs 15:1",0.33,
missing,fbc-2022-08-07pm-and-adam-knew-his-wife,20220807,PM,Genesis Series,And Adam Knew His Wife,http://fbcministries.net/sermons/Genesis_Series/2022-08-07PM-And_Adam_Knew_His_Wife.mp3,"""Restore The Man His Wife"" Genesis 20:1-18",0.2,
missing,fbc-2022-08-03mw-confident-in-thy-obedience,20220803,MW,,Confident In Thy Obedience,http://fbcministries.net/sermons/2022-08-03MW-Confident_In_Thy_Obedience.mp3,"""Confident Prayer"" I John 5:14-15",0.25,
missing,fbc-2022-07-24pm-the-lords-throne-is-in-heaven,20220724,PM,,The Lords Throne Is In Heaven,http://fbcministries.net/sermons/2022-07-24PM-The_Lords_Throne_Is_In_Heaven.mp3,"""The Certainty Of Heaven""  II Corinthians 5:1-8",0.2,
missing,fbc-2022-07-20mw-put-that-on-mine-account,20220720,MW,,Put That On Mine Account,http://fbcministries.net/sermons/2022-07-20MW-Put_That_On_Mine_Account.mp3,"""Put On Therefore"" Colossians 3:10-14",0.25,
missing,fbc-2022-07-17pm-and-upon-the-first-day-of-the-week,20220717,PM,,And Upon The First Day Of The Week,http://fbcministries.net/sermons/2022-07-17PM-And_Upon_The_First_Day_Of_The_Week.mp3,"""The Day Of Trouble"" Psalm 50:15",0.2,
missing,fbc-2022-07-06mw-yet-for-loves-sake,20220706,MW,,Yet For Loves Sake,http://fbcministries.net/sermons/2022-07-06MW-Yet_For_Loves_Sake.mp3,"""For The Gospel's Sake"" I Corinthians 9:16-27",0.17,
missing,fbc-2022-06-19pm-hear-learn-do,20220619,PM,,Hear Learn Do,http://fbcministries.net/sermons/2022-06-19PM-Hear_Learn_Do.mp3,"""Do Not Err - Part 1"" James 1:13-16",0.25,
missing,fbc-2022-06-05pm-what-does-the-bible-say-about-purgatory,20220605,PM,,What Does The Bible Say About Purgatory,http://fbcministries.net/sermons/2022-06-05PM-What_Does_The_Bible_Say_About_Purgatory.mp3,"""What About Dinosaurs?"" Genesis 1:24-25",0.29,
missing,fbc-2022-06-01mw-philemon-our-dearly-beloved,20220601,MW,,Philemon Our Dearly Beloved,http://fbcministries.net/sermons/2022-06-01MW-Philemon_Our_Dearly_Beloved.mp3,"""The Well Beloved Gaius"" III John 1-8",0.17,
missing,fbc-2022-05-18mw-for-the-gospels-sake,20220518,MW,,For The Gospels Sake,http://fbcministries.net/sermons/2022-05-18MW-For_The_Gospels_Sake.mp3,"""For The Gospel's Sake"" I Corinthians 9:16-27",0.2,
missing,fbc-2022-05-15pm-god-hath-seen,20220515,PM,Genesis Series,God Hath Seen,http://fbcministries.net/sermons/Genesis_Series/2022-05-15PM-God_Hath_Seen.mp3,"""God Hath Dealt Graciously With Me"" Genesis 33:1-20",0.33,
review,fbc-2022-05-11mw-in-the-lord-put-i-my-trust,20220511,MW,,In The Lord Put I My Trust,http://fbcministries.net/sermons/2022-05-11MW-In_The_Lord_Put_I_My_Trust.mp3,"""I The Lord""  Isaiah 41:17-20",0.5,
missing,fbc-2022-05-04mw-lessons-in-the-valley-of-rephaim,20220504,MW,,Lessons In The Valley Of Rephaim,http://fbcministries.net/sermons/2022-05-04MW-Lessons_In_The_Valley_Of_Rephaim.mp3,"""The Valley Of Achor"" Hosea 2:14-23",0.25,
missing,fbc-2022-04-24pm-walk-in-newness-of-life,20220424,PM,,Walk In Newness Of Life,http://fbcministries.net/sermons/2022-04-24PM-Walk_In_Newness_Of_Life.mp3,"""Life And Death"" Genesis 35:16-29",0.25,
missing,fbc-2022-04-20mw-the-growth-of-the-thessalonians,20220420,MW,,The Growth Of The Thessalonians,http://fbcministries.net/sermons/2022-04-20MW-The_Growth_Of_The_Thessalonians.mp3,,0.0,
review,fbc-2022-04-13mw-teach-others-also,20220413,MW,,Teach Others Also,http://fbcministries.net/sermons/2022-04-13MW-Teach_Others_Also.mp3,"""Teach Others Also"" II Timothy 2:1-2",0.75,
missing,fbc-2022-04-06mw-learning-from-others-mistakes,20220406,MW,,Learning From Others Mistakes,http://fbcministries.net/sermons/2022-04-06MW-Learning_From_Others_Mistakes.mp3,"""Two Purposes For Learning"" Matthew 7:29",0.2,
missing,fbc-2022-03-30mw-learning-from-your-mistakes,20220330,MW,,Learning From Your Mistakes,http://fbcministries.net/sermons/2022-03-30MW-Learning_From_Your_Mistakes.mp3,"""Two Purposes For Learning"" Matthew 7:29",0.25,
missing,fbc-2022-03-16mw-the-classroom-of-loneliness,20220316,MW,,The Classroom Of Loneliness,http://fbcministries.net/sermons/2022-03-16MW-The_Classroom_Of_Loneliness.mp3,"""The Classroom Of Affliction"" Psalm 119:71",0.33,
missing,fbc-2022-02-16mw-tips-to-promote-learning,20220216,MW,,Tips To Promote Learning,http://fbcministries.net/sermons/2022-02-16MW-Tips_To_Promote_Learning.mp3,"""Two Purposes For Learning"" Matthew 7:29",0.2,
missing,fbc-2022-01-19mw-teach-me,20220119,MW,,Teach Me,http://fbcministries.net/sermons/2022-01-19MW-Teach_Me.mp3,"""Thou Art With Me"" Psalm 23:4",0.33,
missing,fbc-2021-12-19pm-simeon-was-waiting-for-the-promised-messiah,20211219,PM,,Simeon Was Waiting For The Promised Messiah,http://fbcministries.net/sermons/2021-12-19PM-Simeon_Was_Waiting_For_The_Promised_Messiah.mp3,"""The Lord Was With Joseph - Part 2"" Genesis 39:7-19",0.14,
review,fbc-2021-11-17mw-deceiving-your-own-selves,20211117,MW,,Deceiving Your Own Selves,http://fbcministries.net/sermons/2021-11-17MW-Deceiving_Your_Own_Selves.mp3,"""Deceiving Your Own Selves"" James 1:22",1.0,
missing,fbc-2021-09-15mw-the-lord-is-with-him,20210915,MW,,The Lord Is With Him,http://fbcministries.net/sermons/2021-09-15MW-The_Lord_Is_With_Him.mp3,"""Great Is The Lord"" Psalm 48:1-2",0.33,
review,fbc-2020-10-04am-living-by-faith-part-3,20201004,AM,Hebrews Series,Living By Faith Part 3,http://fbcministries.net/sermons/Hebrews_Series/2020-10-04AM-Living_By_Faith_Part_3.mp3,"""Living By Faith - Part 2"" James 2:25-26",0.67,
missing,fbc-2020-03-29am-our-god-answers-prayer,20200329,AM,,Our God Answers Prayer,http://fbcministries.net/sermons/2020-03-29AM-Our_God_Answers_Prayer.mp3,"""Continue In Prayer"" Colossians 4:2-4",0.25,
missing,fbc-2020-03-29pm-acknowledge-thine-iniquity,20200329,PM,,Acknowledge Thine Iniquity,http://fbcministries.net/sermons/2020-03-29PM-Acknowledge_Thine_Iniquity.mp3,"""The Pride Of Thine Heart"" Obadiah 3-4",0.2,
missing,fbc-2020-03-25mw-naaman-the-leper,20200325,MW,Elijah And Elisha Series,Naaman The Leper,http://fbcministries.net/sermons/Elijah_And_Elisha_Series/2020-03-25MW-Naaman_The_Leper.mp3,"""The Proclamation Of Naaman"" II Kings 5:1-19",0.25,
missing,fbc-2020-03-22am-he-will-deliver-thee,20200322,AM,,He Will Deliver Thee,http://fbcministries.net/sermons/2020-03-22AM-He_Will_Deliver_Thee.mp3,,0.0,
missing,fbc-2020-03-18mw-the-blessing-of-peace,20200318,MW,,The Blessing Of Peace,http://fbcministries.net/sermons/2020-03-18MW-The_Blessing_Of_Peace.mp3,"""Grace, Mercy And Peace"" II Timothy 1:1-2",0.2,
missing,fbc-2020-03-15pm-draw-near-to-god,20200315,PM,,Draw Near To God,http://fbcministries.net/sermons/2020-03-15PM-Draw_Near_To_God.mp3,"""God Is Able""  Ephesians 3:20-21",0.25,
missing,fbc-2020-03-15am-the-throne-of-grace,20200315,AM,Hebrews Series,The Throne Of Grace,http://fbcministries.net/sermons/Hebrews_Series/2020-03-15AM-The_Throne_Of_Grace.mp3,"""Grace, Mercy And Peace"" II Timothy 1:1-2",0.2,
missing,fbc-2020-03-15ss-bibliology-part-2,20200315,SS,Titus Series,Bibliology Part 2,http://fbcministries.net/sermons/Titus_Series/2020-03-15SS-Bibliology_Part_2.mp3,"""In Heaven - Part Three""   Revelation 4:6-8",0.25,
missing,fbc-2020-03-11mw-provision-for-the-sons-of-the-prophets,20200311,MW,Elijah And Elisha Series,Provision For The Sons Of The Prophets,http://fbcministries.net/sermons/Elijah_And_Elisha_Series/2020-03-11MW-Provision_For_The_Sons_Of_The_Prophets.mp3,"""The Sons of Jacob - Part 2"" Genesis 30:18-24",0.25,
missing,fbc-2020-03-08pm-diminish-not-a-word,20200308,PM,,Diminish Not A Word,http://fbcministries.net/sermons/2020-03-08PM-Diminish_Not_A_Word.mp3,"""A More Sure Word"" II Peter 1:12-21",0.2,
missing,fbc-2020-03-08am-the-word-of-god-is-quick-and-powerful,20200308,AM,Hebrews Series,The Word Of God Is Quick And Powerful,http://fbcministries.net/sermons/Hebrews_Series/2020-03-08AM-The_Word_Of_God_Is_Quick_And_Powerful.mp3,"""God Is Able""  Ephesians 3:20-21",0.2,
missing,fbc-2020-03-08ss-bibliology-part-1,20200308,SS,Titus Series,Bibliology Part 1,http://fbcministries.net/sermons/Titus_Series/2020-03-08SS-Bibliology_Part_1.mp3,"""In Heaven - Part Three""   Revelation 4:6-8",0.25,
missing,fbc-2020-03-04mw-take-up-thy-son,20200304,MW,,Take Up Thy Son,http://fbcministries.net/sermons/2020-03-04MW-Take_Up_Thy_Son.mp3,"""Building Up"" Proverbs 14:1",0.25,
missing,fbc-2020-03-01pm-the-ice-age,20200301,PM,Genesis Series,The Ice Age,http://fbcministries.net/sermons/Genesis_Series/2020-03-01PM-The_Ice_Age.mp3,,0.0,
missing,fbc-2020-03-01am-hearing-and-believing,20200301,AM,Hebrews Series,Hearing And Believing,http://fbcministries.net/sermons/Hebrews_Series/2020-03-01AM-Hearing_And_Believing.mp3,"""Hearing And Doing""  James 1:19-27",0.33,
missing,fbc-2020-03-01ss-sound-doctrine,20200301,SS,Titus Series,Sound Doctrine,http://fbcministries.net/sermons/Titus_Series/2020-03-01SS-Sound_Doctrine.mp3,"""Sound In The Faith"" I Thessalonians 5:20-21",0.25,
missing,fbc-2020-02-26mw-provision-in-shunem,20200226,MW,Elijah And Elisha Series,Provision In Shunem,http://fbcministries.net/sermons/Elijah_And_Elisha_Series/2020-02-26MW-Provision_In_Shunem.mp3,"""Prayer For Provision"" Luke 11:3",0.33,
missing,fbc-2020-02-23pm-he-first-loved-us,20200223,PM,,He First Loved Us,http://fbcministries.net/sermons/2020-02-23PM-He_First_Loved_Us.mp3,"""Turn Thou Us Unto Thee"" Lamentations 5:19-22",0.25,
review,fbc-2020-02-23am-are-you-living-in-the-wilderness,20200223,AM,Hebrews Series,Are You Living In The Wilderness,http://fbcministries.net/sermons/Hebrews_Series/2020-02-23AM-Are_You_Living_In_The_Wilderness.mp3,"""Who Are You Living For?"" Philippians 1:21",0.6,
missing,fbc-2020-02-23ss-rebuke-them-sharply,20200223,SS,Titus Series,Rebuke Them Sharply,http://fbcministries.net/sermons/Titus_Series/2020-02-23SS-Rebuke_Them_Sharply.mp3,"""He Saw Them"" Mark 6:45-52",0.25,
missing,fbc-2020-02-19mw-just-a-pot-of-oil,20200219,MW,Elijah And Elisha Series,Just A Pot Of Oil,http://fbcministries.net/sermons/Elijah_And_Elisha_Series/2020-02-19MW-Just_A_Pot_Of_Oil.mp3,,0.0,
missing,fbc-2020-02-16pm-publish-glad-tidings,20200216,PM,,Publish Glad Tidings,http://fbcministries.net/sermons/2020-02-16PM-Publish_Glad_Tidings.mp3,"""Good Tidings Of Great Joy"" Luke 2:8-20",0.17,
missing,fbc-2020-02-16am-more-glory-than-moses,20200216,AM,Hebrews Series,More Glory Than Moses,http://fbcministries.net/sermons/Hebrews_Series/2020-02-16AM-More_Glory_Than_Moses.mp3,"""More With Us Than With Them"" II Kings 6:8-23",0.29,
missing,fbc-2020-02-16ss-qualifications-for-elders-part-2,20200216,SS,Titus Series,Qualifications For Elders Part 2,http://fbcministries.net/sermons/Titus_Series/2020-02-16SS-Qualifications_For_Elders_Part_2.mp3,"""Honorable Elders"" I Timothy 5:17-25",0.2,
missing,fbc-2020-02-12mw-make-this-valley-full-of-ditches,20200212,MW,Elijah And Elisha Series,Make This Valley Full Of Ditches,http://fbcministries.net/sermons/Elijah_And_Elisha_Series/2020-02-12MW-Make_This_Valley_Full_Of_Ditches.mp3,"""The Valley Of Achor"" Hosea 2:14-23",0.2,
missing,fbc-2020-02-09pm-are-you-overwhelmed,20200209,PM,,Are You Overwhelmed,http://fbcministries.net/sermons/2020-02-09PM-Are_You_Overwhelmed.mp3,"""Are You Ready?"" II Samuel 15:15",0.4,
missing,fbc-2020-02-09am-jesus-tasted-death-for-every-man,20200209,AM,Hebrews Series,Jesus Tasted Death For Every Man,http://fbcministries.net/sermons/Hebrews_Series/2020-02-09AM-Jesus_Tasted_Death_For_Every_Man.mp3,"""Every Man In His Place"" Judges 7:1-25",0.33,
missing,fbc-2020-02-09ss-qualifications-for-elders,20200209,SS,Titus Series,Qualifications For Elders,http://fbcministries.net/sermons/Titus_Series/2020-02-09SS-Qualifications_For_Elders.mp3,"""Honorable Elders"" I Timothy 5:17-25",0.25,
missing,fbc-2020-02-05mw-i-have-healed-these-waters,20200205,MW,Elijah And Elisha Series,I Have Healed These Waters,http://fbcministries.net/sermons/Elijah_And_Elisha_Series/2020-02-05MW-I_Have_Healed_These_Waters.mp3,"""I Have Learned To Be Content"" Philippians 4:10-12",0.29,
missing,fbc-2020-02-02pm-the-coming-of-the-lord-draweth-nigh,20200202,PM,,The Coming Of The Lord Draweth Nigh,http://fbcministries.net/sermons/2020-02-02PM-The_Coming_Of_The_Lord_Draweth_Nigh.mp3,"""Great Is The Lord"" Psalm 48:1-2",0.2,
review,fbc-2020-02-02am-listen-up,20200202,AM,Hebrews Series,Listen Up,http://fbcministries.net/sermons/Hebrews_Series/2020-02-02AM-Listen_Up.mp3,"""We Ought To Listen Up - Part 2"" Hebrews 2:1-4",0.5,
missing,fbc-2020-02-02ss-the-ministry-of-titus-in-crete,20200202,SS,Titus Series,The Ministry Of Titus In Crete,http://fbcministries.net/sermons/Titus_Series/2020-02-02SS-The_Ministry_Of_Titus_In_Crete.mp3,"""Fulfil Your Ministry"" Colossians 4:14-18",0.25,
missing,fbc-2020-01-29mw-elisha-saw-it,20200129,MW,Elijah And Elisha Series,Elisha Saw It,http://fbcministries.net/sermons/Elijah_And_Elisha_Series/2020-01-29MW-Elisha_Saw_It.mp3,"""He Saw Them"" Mark 6:45-52",0.33,
missing,fbc-2020-01-26pm-the-waters-decreased-continually,20200126,PM,Genesis Series,The Waters Decreased Continually,http://fbcministries.net/sermons/Genesis_Series/2020-01-26PM-The_Waters_Decreased_Continually.mp3,,0.0,
missing,fbc-2020-01-26am-christ-so-much-better-than-the-angels,20200126,AM,Hebrews Series,Christ So Much Better Than The Angels,http://fbcministries.net/sermons/Hebrews_Series/2020-01-26AM-Christ_So_Much_Better_Than_The_Angels.mp3,"""Consider Christ"" Hebrews 12:3",0.14,
missing,fbc-2020-01-26ss-in-hope-of-eternal-life,20200126,SS,Titus Series,In Hope Of Eternal Life,http://fbcministries.net/sermons/Titus_Series/2020-01-26SS-In_Hope_Of_Eternal_Life.mp3,"""Life And Death"" Genesis 35:16-29",0.25,
missing,fbc-2020-01-22mw-elisha-the-son-of-shaphat,20200122,MW,Elijah And Elisha Series,Elisha The Son Of Shaphat,http://fbcministries.net/sermons/Elijah_And_Elisha_Series/2020-01-22MW-Elisha_The_Son_Of_Shaphat.mp3,"""Elisha Wept"" II Kings 8:7-15",0.2,
missing,fbc-2020-01-19am-our-glorious-saviour,20200119,AM,Hebrews Series,Our Glorious Saviour,http://fbcministries.net/sermons/Hebrews_Series/2020-01-19AM-Our_Glorious_Saviour.mp3,"""The Glorious Gospel""  II Corinthians 3:1-18",0.25,
missing,fbc-2020-01-19ss-grounded-and-settled,20200119,SS,,Grounded And Settled,http://fbcministries.net/sermons/2020-01-19SS-Grounded_And_Settled.mp3,,0.0,
missing,fbc-2020-01-15mw-elijah-went-up-by-a-whirlwind-into-heaven,20200115,MW,Elijah And Elisha Series,Elijah Went Up By A Whirlwind Into Heaven,http://fbcministries.net/sermons/Elijah_And_Elisha_Series/2020-01-15MW-Elijah_Went_Up_By_A_Whirlwind_Into_Heaven.mp3,"""Building Up"" Proverbs 14:1",0.17,
missing,fbc-2020-01-12am-looking-unto-jesus,20200112,AM,Hebrews Series,Looking Unto Jesus,http://fbcministries.net/sermons/Hebrews_Series/2020-01-12AM-Looking_Unto_Jesus.mp3,"""Living For Jesus"" John 6:66-69",0.33,
missing,fbc-2020-01-12pm-2020-vision,20200112,PM,,2020 Vision,http://fbcministries.net/sermons/2020-01-12PM-2020_Vision.mp3,,0.0,
missing,fbc-2020-01-08mw-the-fire-of-god-consumed-them,20200108,MW,Elijah And Elisha Series,The Fire Of God Consumed Them,http://fbcministries.net/sermons/Elijah_And_Elisha_Series/2020-01-08MW-The_Fire_Of_God_Consumed_Them.mp3,"""Pulling Them Out Of The Fire"" Jude 22-23",0.33,
missing,fbc-2019-12-29pm-i-have-finished-my-course,20191229,PM,,I Have Finished My Course,http://fbcministries.net/sermons/2019-12-29PM-I_Have_Finished_My_Course.mp3,"""I Have Learned To Be Content"" Philippians 4:10-12",0.33,
missing,fbc-2019-12-29am-run-your-race,20191229,AM,,Run Your Race,http://fbcministries.net/sermons/2019-12-29AM-Run_Your_Race.mp3,"""So Run, That Ye May Obtain"" Acts 20:17-36",0.2,
review,fbc-2019-12-29ss-a-good-soldier,20191229,SS,,A Good Soldier,http://fbcministries.net/sermons/2019-12-29SS-A_Good_Soldier.mp3,"""A Good Soldier - Part 5"" II Timothy 2:6, 24-26",0.67,
missing,fbc-2019-12-22pm-fell-down-and-worshipped-him,20191222,PM,,Fell Down And Worshipped Him,http://fbcministries.net/sermons/2019-12-22PM-Fell_Down_And_Worshipped_Him.mp3,"""John Saw Him"" Revelation 1:9-20",0.17,
missing,fbc-2019-12-22am-the-word-was-made-flesh,20191222,AM,,The Word Was Made Flesh,http://fbcministries.net/sermons/2019-12-22AM-The_Word_Was_Made_Flesh.mp3,"""Crucify Your Flesh"" Colossians 3:5-7",0.2,
missing,fbc-2019-12-22ss-the-prince-of-peace,20191222,SS,,The Prince Of Peace,http://fbcministries.net/sermons/2019-12-22SS-The_Prince_Of_Peace.mp3,"""Grace, Mercy And Peace"" II Timothy 1:1-2",0.2,
missing,fbc-2019-12-18mw-it-is-elijah-the-tishbite,20191218,MW,Elijah And Elisha Series,It Is Elijah The Tishbite,http://fbcministries.net/sermons/Elijah_And_Elisha_Series/2019-12-18MW-It_Is_Elijah_The_Tishbite.mp3,"""What Doest Thou Here, Elijah?"" I Kings 19:1-18",0.17,
missing,fbc-2019-12-15pm-noah-worshipped-the-lord,20191215,PM,Genesis Series,Noah Worshipped The Lord,http://fbcministries.net/sermons/Genesis_Series/2019-12-15PM-Noah_Worshipped_The_Lord.mp3,"""Great Is The Lord"" Psalm 48:1-2",0.25,
missing,fbc-2019-12-15am-the-ministry-of-tychicus,20191215,AM,,The Ministry Of Tychicus,http://fbcministries.net/sermons/2019-12-15AM-The_Ministry_Of_Tychicus.mp3,"""Fulfil Your Ministry"" Colossians 4:14-18",0.33,
missing,fbc-2019-12-11mw-elijahs-final-encounter-with-ahab,20191211,MW,Elijah And Elisha Series,Elijahs Final Encounter With Ahab,http://fbcministries.net/sermons/Elijah_And_Elisha_Series/2019-12-11MW-Elijahs_Final_Encounter_With_Ahab.mp3,"""Jacob's Final Request"" Genesis 49:29 - 50:14",0.14,
missing,fbc-2019-12-08pm-god-remembered-noah,20191208,PM,Genesis Series,God Remembered Noah,http://fbcministries.net/sermons/Genesis_Series/2019-12-08PM-God_Remembered_Noah.mp3,"""God Is Able""  Ephesians 3:20-21",0.25,
missing,fbc-2019-12-08am-make-known-the-gospel,20191208,AM,,Make Known The Gospel,http://fbcministries.net/sermons/2019-12-08AM-Make_Known_The_Gospel.mp3,"""The Power Of The Gospel"" Romans 1:14-16",0.25,
missing,fbc-2019-12-04mw-elijah-requested-death,20191204,MW,Elijah And Elisha Series,Elijah Requested Death,http://fbcministries.net/sermons/Elijah_And_Elisha_Series/2019-12-04MW-Elijah_Requested_Death.mp3,"""Life And Death"" Genesis 35:16-29",0.25,
missing,fbc-2019-12-01pm-come-into-the-ark,20191201,PM,Genesis Series,Come Into The Ark,http://fbcministries.net/sermons/Genesis_Series/2019-12-01PM-Come_Into_The_Ark.mp3,"""The Generation To Come"" Psalm 78:1-8",0.33,
missing,fbc-2019-12-01am-put-on-the-whole-armor-of-god,20191201,AM,,Put On The Whole Armor Of God,http://fbcministries.net/sermons/2019-12-01AM-Put_On_The_Whole_Armor_Of_God.mp3,"""Put On Therefore"" Colossians 3:10-14",0.2,
missing,fbc-2019-12-01ss-what-hast-thou-that-thou-didst-not-receive,20191201,SS,,What Hast Thou That Thou Didst Not Receive,http://fbcministries.net/sermons/2019-12-01SS-What_Hast_Thou_That_Thou_Didst_Not_Receive.mp3,"""Receive Him As Myself"" Philemon 15-17",0.17,
missing,fbc-2019-11-24pm-make-thee-an-ark,20191124,PM,Genesis Series,Make Thee An Ark,http://fbcministries.net/sermons/Genesis_Series/2019-11-24PM-Make_Thee_An_Ark.mp3,"""Riches Make Wings"" James 1:9-11",0.25,
review,fbc-2019-11-24am-worthy-of-praise,20191124,AM,,Worthy Of Praise,http://fbcministries.net/sermons/2019-11-24AM-Worthy_Of_Praise.mp3,"""He Is Worthy To Receive Praise""  Revelation 4:10-11",0.67,
missing,fbc-2019-11-24ss-caleb-followed-the-lord,20191124,SS,,Caleb Followed The Lord,http://fbcministries.net/sermons/2019-11-24SS-Caleb_Followed_The_Lord.mp3,"""Great Is The Lord"" Psalm 48:1-2",0.25,
missing,fbc-2019-11-13mw-jobs-ministry-to-others,20191113,MW,,Jobs Ministry To Others,http://fbcministries.net/sermons/2019-11-13MW-Jobs_Ministry_To_Others.mp3,"""Fulfil Your Ministry"" Colossians 4:14-18",0.25,
missing,fbc-2019-11-10pm-noah-walked-with-god,20191110,PM,Genesis Series,Noah Walked With God,http://fbcministries.net/sermons/Genesis_Series/2019-11-10PM-Noah_Walked_With_God.mp3,"""God Is Able""  Ephesians 3:20-21",0.25,
missing,fbc-2019-11-10am-prepare-for-battle,20191110,AM,,Prepare For Battle,http://fbcministries.net/sermons/2019-11-10AM-Prepare_For_Battle.mp3,"""Battle Plan For Victory"" James 4:7",0.25,
missing,fbc-2019-11-10ss-my-tongue-shall-speak-of-thy-word,20191110,SS,,My Tongue Shall Speak Of Thy Word,http://fbcministries.net/sermons/2019-11-10SS-My_Tongue_Shall_Speak_Of_Thy_Word.mp3,"""Guard Your Tongue""  James 3:1-12",0.25,
missing,fbc-2019-11-06mw-a-sound-of-abundance-of-rain,20191106,MW,Elijah And Elisha Series,A Sound Of Abundance Of Rain,http://fbcministries.net/sermons/Elijah_And_Elisha_Series/2019-11-06MW-A_Sound_Of_Abundance_Of_Rain.mp3,"""Sound In The Faith"" I Thessalonians 5:20-21",0.2,
missing,fbc-2019-11-03pm-the-wickedness-of-man-was-great,20191103,PM,Genesis Series,The Wickedness Of Man Was Great,http://fbcministries.net/sermons/Genesis_Series/2019-11-03PM-The_Wickedness_Of_Man_Was_Great.mp3,"""The Wickedness Of Judah"" Genesis 38:1-30",0.2,
missing,fbc-2019-11-03am-a-godly-testimony-in-the-workplace,20191103,AM,,A Godly Testimony In The Workplace,http://fbcministries.net/sermons/2019-11-03AM-A_Godly_Testimony_In_The_Workplace.mp3,"""He Had This Testimony"" Hebrews 11:5",0.25,
missing,fbc-2019-11-03ss-great-peace-have-they-which-love-thy-law,20191103,SS,,Great Peace Have They Which Love Thy Law,http://fbcministries.net/sermons/2019-11-03SS-Great_Peace_Have_They_Which_Love_Thy_Law.mp3,"""His Great Love"" Ephesians 2:4",0.29,
missing,fbc-2019-10-30mw-the-fire-of-the-lord-fell,20191030,MW,Elijah And Elisha Series,The Fire Of The Lord Fell,http://fbcministries.net/sermons/Elijah_And_Elisha_Series/2019-10-30MW-The_Fire_Of_The_Lord_Fell.mp3,"""Great Is The Lord"" Psalm 48:1-2",0.25,
missing,fbc-2019-10-23mw-fellowlabourers,20191023,MW,,Fellowlabourers,http://fbcministries.net/sermons/2019-10-23MW-Fellowlabourers.mp3,,0.0,
missing,fbc-2019-10-20pm-be-still,20191020,PM,,Be Still,http://fbcministries.net/sermons/2019-10-20PM-Be_Still.mp3,,0.0,
missing,fbc-2019-10-20am-especially-the-parchments,20191020,AM,,Especially The Parchments,http://fbcministries.net/sermons/2019-10-20AM-Especially_The_Parchments.mp3,,0.0,
missing,fbc-2019-10-20ss-a-plea-for-deliverance,20191020,SS,,A Plea For Deliverance,http://fbcministries.net/sermons/2019-10-20SS-A_Plea_For_Deliverance.mp3,"""Direction And Deliverance"" Luke 11:4",0.33,
missing,fbc-2019-10-16mw-how-long-halt-ye-between-two-opinions,20191016,MW,Elijah And Elisha Series,How Long Halt Ye Between Two Opinions,http://fbcministries.net/sermons/Elijah_And_Elisha_Series/2019-10-16MW-How_Long_Halt_Ye_Between_Two_Opinions.mp3,"""How Is Your Diet?"" I Timothy 4:1-16",0.12,
missing,fbc-2019-10-13pm-the-godly-line-of-seth,20191013,PM,Genesis Series,The Godly Line Of Seth,http://fbcministries.net/sermons/Genesis_Series/2019-10-13PM-The_Godly_Line_Of_Seth.mp3,,0.0,
missing,fbc-2019-10-13am-a-glorious-church,20191013,AM,,A Glorious Church,http://fbcministries.net/sermons/2019-10-13AM-A_Glorious_Church.mp3,"""A Praying Church""  Acts 12:1-19",0.33,
missing,fbc-2019-10-13ss-all-thy-commandments-are-truth,20191013,SS,,All Thy Commandments Are Truth,http://fbcministries.net/sermons/2019-10-13SS-All_Thy_Commandments_Are_Truth.mp3,"""Once For All"" Hebrews 10:1-18",0.2,
missing,fbc-2019-10-09mw-trouble-in-israel,20191009,MW,Elijah And Elisha Series,Trouble In Israel,http://fbcministries.net/sermons/Elijah_And_Elisha_Series/2019-10-09MW-Trouble_In_Israel.mp3,"""The Day Of Trouble"" Psalm 50:15",0.33,
missing,fbc-2019-10-06pm-the-ungodly-line-of-cain,20191006,PM,Genesis Series,The Ungodly Line Of Cain,http://fbcministries.net/sermons/Genesis_Series/2019-10-06PM-The_Ungodly_Line_Of_Cain.mp3,,0.0,
missing,fbc-2019-10-06am-revival-in-your-home,20191006,AM,,Revival In Your Home,http://fbcministries.net/sermons/2019-10-06AM-Revival_In_Your_Home.mp3,"""The Pathway To Revival"" Hosea 10:12",0.33,
missing,fbc-2019-10-06ss-thy-word-is-very-pure,20191006,SS,,Thy Word Is Very Pure,http://fbcministries.net/sermons/2019-10-06SS-Thy_Word_Is_Very_Pure.mp3,"""A More Sure Word"" II Peter 1:12-21",0.17,
review,fbc-092519mw-break-up-your-fallow-ground,20190925,MW,,Break Up Your Fallow Ground,http://fbcministries.net/sermons/092519MW-Break_Up_Your_Fallow_Ground.mp3,"""Break Up Your Fallow Ground""  Hosea 10",1.0,
review,fbc-092219am-yield-yourselves-unto-the-lord,20190922,AM,,Yield Yourselves Unto The Lord,http://fbcministries.net/sermons/092219AM-Yield_Yourselves_Unto_The_Lord.mp3,"""Yield Yourselves Unto God"" Romans 6:1-19",0.5,
missing,fbc-092219ss-thy-testimonies-are-wonderful,20190922,SS,,Thy Testimonies Are Wonderful,http://fbcministries.net/sermons/092219SS-Thy_Testimonies_Are_Wonderful.mp3,"""Are Your Feet Dirty?"" John 13:1-16",0.2,
missing,fbc-091819mw-thy-son-liveth,20190918,MW,Elijah And Elisha Series,Thy Son Liveth,http://fbcministries.net/sermons/Elijah_And_Elisha_Series/091819MW-Thy_Son_Liveth.mp3,"""Sarah Conceived And Bare A Son"" Genesis 21:1-7",0.2,
missing,fbc-091519pm-cain-slew-abel,20190915,PM,Genesis Series,Cain Slew Abel,http://fbcministries.net/sermons/Genesis_Series/091519PM-Cain_Slew_Abel.mp3,,0.0,
missing,fbc-091519am-filled-with-the-spirit,20190915,AM,,Filled With The Spirit,http://fbcministries.net/sermons/091519AM-Filled_With_The_Spirit.mp3,"""A Teachable Spirit"" Acts 8:26-39",0.33,
missing,fbc-091519ss-a-desire-to-see-god-work,20190915,SS,,A Desire To See God Work,http://fbcministries.net/sermons/091519SS-A_Desire_To_See_God_Work.mp3,"""Engaged In The Work"" Exodus 31:1-11",0.2,
missing,fbc-091119mw-elijah-at-zarephath,20190911,MW,Elijah And Elisha Series,Elijah At Zarephath,http://fbcministries.net/sermons/Elijah_And_Elisha_Series/091119MW-Elijah_At_Zarephath.mp3,"""Get Thee To Zarephath"" I Kings 17:8-16",0.25,
missing,fbc-090819am-walk-circumspectly,20190908,AM,,Walk Circumspectly,http://fbcministries.net/sermons/090819AM-Walk_Circumspectly.mp3,"""Walk In Wisdom"" Colossians 4:5-6",0.33,
missing,fbc-090819ss-thou-art-my-hiding-place,20190908,SS,,Thou Art My Hiding Place,http://fbcministries.net/sermons/090819SS-Thou_Art_My_Hiding_Place.mp3,"""Thou Art With Me"" Psalm 23:4",0.25,
missing,fbc-090419mw-the-brook-dried-up,20190904,MW,Elijah And Elisha Series,The Brook Dried Up,http://fbcministries.net/sermons/Elijah_And_Elisha_Series/090419MW-The_Brook_Dried_Up.mp3,"""Building Up"" Proverbs 14:1",0.25,
review,fbc-090119pm-he-hath-dealt-bountifully-with-me,20190901,PM,,He Hath Dealt Bountifully With Me,http://fbcministries.net/sermons/090119PM-He_Hath_Dealt_Bountifully_With_Me.mp3,"""God Hath Dealt Graciously With Me"" Genesis 33:1-20",0.5,
missing,fbc-090119am-walk-as-children-of-light,20190901,AM,,Walk As Children Of Light,http://fbcministries.net/sermons/090119AM-Walk_As_Children_Of_Light.mp3,"""Walk In Wisdom"" Colossians 4:5-6",0.25,
missing,fbc-090119ss-thy-word-is-a-lamp-unto-my-feet,20190901,SS,,Thy Word Is A Lamp Unto My Feet,http://fbcministries.net/sermons/090119SS-Thy_Word_Is_A_Lamp_Unto_My_Feet.mp3,"""Are Your Feet Dirty?"" John 13:1-16",0.2,
missing,fbc-082819mw-elijah-at-cherith,20190828,MW,Elijah And Elisha Series,Elijah At Cherith,http://fbcministries.net/sermons/Elijah_And_Elisha_Series/082819MW-Elijah_At_Cherith.mp3,"""What Doest Thou Here, Elijah?"" I Kings 19:1-18",0.17,
missing,fbc-082519pm-an-acceptable-offering,20190825,PM,Genesis Series,An Acceptable Offering,http://fbcministries.net/sermons/Genesis_Series/082519PM-An_Acceptable_Offering.mp3,,0.0,
missing,fbc-082519am-walk-in-love,20190825,AM,,Walk In Love,http://fbcministries.net/sermons/082519AM-Walk_In_Love.mp3,"""His Great Love"" Ephesians 2:4",0.33,
review,fbc-082519ss-o-how-love-i-thy-law,20190825,SS,,O How Love I Thy Law,http://fbcministries.net/sermons/082519SS-O_How_Love_I_Thy_Law.mp3,"""O How Love I Thy Law"" Psalm 119:97",1.0,
missing,fbc-082119mw-elijah-the-tishbite,20190821,MW,Elijah And Elisha Series,Elijah The Tishbite,http://fbcministries.net/sermons/Elijah_And_Elisha_Series/082119MW-Elijah_The_Tishbite.mp3,"""What Doest Thou Here, Elijah?"" I Kings 19:1-18",0.17,
missing,fbc-081819pm-coats-of-skins,20190818,PM,Genesis Series,Coats Of Skins,http://fbcministries.net/sermons/Genesis_Series/081819PM-Coats_Of_Skins.mp3,,0.0,
missing,fbc-081819am-be-ye-kind,20190818,AM,,Be Ye Kind,http://fbcministries.net/sermons/081819AM-Be_Ye_Kind.mp3,"""The Kind Of Man God Is Looking For"" Jeremiah 5:1; Ezekiel 22:30",0.25,
missing,fbc-081819ss-the-bible-stands,20190818,SS,,The Bible Stands,http://fbcministries.net/sermons/081819SS-The_Bible_Stands.mp3,,0.0,
missing,fbc-081119pm-gods-judgement-announced,20190811,PM,Genesis Series,Gods Judgement Announced,http://fbcministries.net/sermons/Genesis_Series/081119PM-Gods_Judgement_Announced.mp3,,0.0,
missing,fbc-081119am-speech-that-edifies,20190811,AM,,Speech That Edifies,http://fbcministries.net/sermons/081119AM-Speech_That_Edifies.mp3,,0.0,
missing,fbc-081119ss-when-wilt-thou-comfort-me,20190811,SS,,When Wilt Thou Comfort Me,http://fbcministries.net/sermons/081119SS-When_Wilt_Thou_Comfort_Me.mp3,"""Thou Art With Me"" Psalm 23:4",0.2,
missing,fbc-080719mw-some-things-to-remember-in-times-of-heaviness,20190807,MW,,Some Things To Remember In Times Of Heaviness,http://fbcministries.net/sermons/080719MW-Some_Things_To_Remember_In_Times_Of_Heaviness.mp3,"""The Things Which Shall Be Hereafter""   Revelation 4:1",0.14,
missing,fbc-080419am-the-value-of-work,20190804,AM,,The Value Of Work,http://fbcministries.net/sermons/080419AM-The_Value_Of_Work.mp3,"""Engaged In The Work"" Exodus 31:1-11",0.33,
missing,fbc-080419ss-let-my-heart-be-sound-in-thy-statutes,20190804,SS,,Let My Heart Be Sound In Thy Statutes,http://fbcministries.net/sermons/080419SS-Let_My_Heart_Be_Sound_In_Thy_Statutes.mp3,"""That Your Heart Be Not Deceived"" Deuteronomy 11:1-17",0.2,
missing,fbc-073119mw-laboring-in-prayer,20190731,MW,,Laboring In Prayer,http://fbcministries.net/sermons/073119MW-Laboring_In_Prayer.mp3,"""Continue In Prayer"" Colossians 4:2-4",0.33,
missing,fbc-072819pm-hiding-from-god,20190728,PM,Genesis Series,Hiding From God,http://fbcministries.net/sermons/Genesis_Series/072819PM-Hiding_From_God.mp3,"""God Is Able""  Ephesians 3:20-21",0.33,
missing,fbc-072819am-the-word-of-the-lord-endureth-forever,20190728,AM,,The Word Of The Lord Endureth Forever,http://fbcministries.net/sermons/072819AM-The_Word_Of_The_Lord_Endureth_Forever.mp3,"""Great Is The Lord"" Psalm 48:1-2",0.2,
missing,fbc-072819ss-lessons-through-affliction,20190728,SS,,Lessons Through Affliction,http://fbcministries.net/sermons/072819SS-Lessons_Through_Affliction.mp3,"""The Classroom Of Affliction"" Psalm 119:71",0.25,
missing,fbc-072119pm-sin-entered-the-world,20190721,PM,Genesis Series,Sin Entered The World,http://fbcministries.net/sermons/Genesis_Series/072119PM-Sin_Entered_The_World.mp3,"""Love Not The World"" I John 2:15-17",0.2,
review,fbc-072119am-i-saw-the-lord,20190721,AM,,I Saw The Lord,http://fbcministries.net/sermons/072119AM-I_Saw_The_Lord.mp3,"""I The Lord""  Isaiah 41:17-20",0.67,
missing,fbc-072119ss-allowing-his-word-to-direct-my-ways,20190721,SS,,Allowing His Word To Direct My Ways,http://fbcministries.net/sermons/072119SS-Allowing_His_Word_To_Direct_My_Ways.mp3,"""A More Sure Word"" II Peter 1:12-21",0.14,
missing,fbc-071719mw-the-wind-was-contrary,20190717,MW,,The Wind Was Contrary,http://fbcministries.net/sermons/071719MW-The_Wind_Was_Contrary.mp3,"""The Lord Was With Joseph - Part 2"" Genesis 39:7-19",0.2,
missing,fbc-071419pm-the-sanctity-of-marriage,20190714,PM,Genesis Series,The Sanctity Of Marriage,http://fbcministries.net/sermons/Genesis_Series/071419PM-The_Sanctity_Of_Marriage.mp3,,0.0,
missing,fbc-071419am-give-no-place-to-the-devil,20190714,AM,,Give No Place To The Devil,http://fbcministries.net/sermons/071419AM-Give_No_Place_To_The_Devil.mp3,"""Every Man In His Place"" Judges 7:1-25",0.17,
missing,fbc-071419ss-comfort-in-affliction,20190714,SS,,Comfort In Affliction,http://fbcministries.net/sermons/071419SS-Comfort_In_Affliction.mp3,"""The Classroom Of Affliction"" Psalm 119:71",0.33,
missing,fbc-071019mw-lift-up-your-eyes,20190710,MW,,Lift Up Your Eyes,http://fbcministries.net/sermons/071019MW-Lift_Up_Your_Eyes.mp3,"""Building Up"" Proverbs 14:1",0.25,
missing,fbc-070719pm-life-in-the-garden-of-eden,20190707,PM,Genesis Series,Life In The Garden Of Eden,http://fbcministries.net/sermons/Genesis_Series/070719PM-Life_In_The_Garden_Of_Eden.mp3,"""Life And Death"" Genesis 35:16-29",0.25,
missing,fbc-070719am-be-ye-angry-and-sin-not,20190707,AM,,Be Ye Angry And Sin Not,http://fbcministries.net/sermons/070719AM-Be_Ye_Angry_And_Sin_Not.mp3,"""Stand In Awe, And Sin Not""  Psalm 4:4",0.25,
missing,fbc-070719ss-i-trust-in-thy-word,20190707,SS,,I Trust In Thy Word,http://fbcministries.net/sermons/070719SS-I_Trust_In_Thy_Word.mp3,"""Sanctification"" I Thessalonians 5:23",0.25,
missing,fbc-070319mw-he-will-help-you,20190703,MW,,He Will Help You,http://fbcministries.net/sermons/070319MW-He_Will_Help_You.mp3,"""Someone Is Watching You"" Proverbs 23:26",0.25,
missing,fbc-063019pm-the-heavens-and-the-earth-were-finished,20190630,PM,Genesis Series,The Heavens And The Earth Were Finished,http://fbcministries.net/sermons/Genesis_Series/063019PM-The_Heavens_And_The_Earth_Were_Finished.mp3,"""The Disciples Were Called Christians"" Acts 11:19-26",0.14,
missing,fbc-063019am-speak-every-man-truth,20190630,AM,,Speak Every Man Truth,http://fbcministries.net/sermons/063019AM-Speak_Every_Man_Truth.mp3,"""Every Man In His Place"" Judges 7:1-25",0.4,
missing,fbc-063019ss-lifelong-obedience,20190630,SS,,Lifelong Obedience,http://fbcministries.net/sermons/063019SS-Lifelong_Obedience.mp3,"""The Blessings Of Obedience"" I John 3:19-24",0.25,
missing,fbc-062319am-im-different-now,20190623,AM,,Im Different Now,http://fbcministries.net/sermons/062319AM-Im_Different_Now.mp3,,0.0,
missing,fbc-062319ss-cling-to-the-word,20190623,SS,,Cling To The Word,http://fbcministries.net/sermons/062319SS-Cling_To_The_Word.mp3,"""A More Sure Word"" II Peter 1:12-21",0.2,
missing,fbc-061919mw-he-is-able-to-succour-them-that-are-tempted,20190619,MW,,He Is Able To Succour Them That Are Tempted,http://fbcministries.net/sermons/061919MW-He_Is_Able_To_Succour_Them_That_Are_Tempted.mp3,"""Warn Them That Are Unruly"" I Thessalonians 5:14",0.25,
review,fbc-061619pm-god-hath-dealt-graciously-with-me,20190616,PM,,God Hath Dealt Graciously With Me,http://fbcministries.net/sermons/061619PM-God_Hath_Dealt_Graciously_With_Me.mp3,"""God Hath Dealt Graciously With Me"" Genesis 33:1-20",1.0,
missing,fbc-061619am-david-charged-solomon-his-son,20190616,AM,,David Charged Solomon His Son,http://fbcministries.net/sermons/061619AM-David_Charged_Solomon_His_Son.mp3,"""Isaac Blessed Him And Charged Him"" Genesis 28:1-9",0.14,
missing,fbc-061619ss-open-thou-mine-eyes,20190616,SS,,Open Thou Mine Eyes,http://fbcministries.net/sermons/061619SS-Open_Thou_Mine_Eyes.mp3,"""Get Your Eyes On Jesus"" Revelation 1:4-8",0.2,
missing,fbc-061219mw-having-obtained-help-of-god,20190612,MW,,Having Obtained Help Of God,http://fbcministries.net/sermons/061219MW-Having_Obtained_Help_Of_God.mp3,"""God Is Able""  Ephesians 3:20-21",0.2,
missing,fbc-060919pm-god-created-man-in-his-own-image,20190609,PM,Genesis Series,God Created Man In His Own Image,http://fbcministries.net/sermons/Genesis_Series/060919PM-God_Created_Man_In_His_Own_Image.mp3,"""The Kind Of Man God Is Looking For"" Jeremiah 5:1; Ezekiel 22:30",0.29,
missing,fbc-060919am-the-word-of-god-will-build-you-up,20190609,AM,,The Word Of God Will Build You Up,http://fbcministries.net/sermons/060919AM-The_Word_Of_God_Will_Build_You_Up.mp3,"""Building Up"" Proverbs 14:1",0.17,
missing,fbc-060919ss-let-me-not-wander-from-thy-commandments,20190609,SS,,Let Me Not Wander From Thy Commandments,http://fbcministries.net/sermons/060919SS-Let_Me_Not_Wander_From_Thy_Commandments.mp3,"""Thou Art With Me"" Psalm 23:4",0.2,
missing,fbc-060519mw-have-mercy-on-me,20190605,MW,,Have Mercy On Me,http://fbcministries.net/sermons/060519MW-Have_Mercy_On_Me.mp3,"""Have Ye Not Read?""  Matthew 12:1-14",0.25,
missing,fbc-060219pm-cattle-beasts-and-creeping-things,20190602,PM,Genesis Series,Cattle Beasts And Creeping Things,http://fbcministries.net/sermons/Genesis_Series/060219PM-Cattle_Beasts_And_Creeping_Things.mp3,"""The Things Which Shall Be Hereafter""   Revelation 4:1",0.17,
missing,fbc-052919mw-our-god-will-help,20190529,MW,,Our God Will Help,http://fbcministries.net/sermons/052919MW-Our_God_Will_Help.mp3,"""God Is Able""  Ephesians 3:20-21",0.33,
review,fbc-052619pm-this-do-in-remembrance-of-me,20190526,PM,,This Do In Remembrance Of Me,http://fbcministries.net/sermons/052619PM-This_Do_In_Remembrance_Of_Me.mp3,"""This Do In Remembrance Of Me"" I Corinthians 11:23-32",0.75,
review,fbc-052619am-these-stones-shall-be-a-memorial,20190526,AM,,These Stones Shall Be A Memorial,http://fbcministries.net/sermons/052619AM-These_Stones_Shall_Be_A_Memorial.mp3,"""These Stones Shall Be For A Memorial"" Joshua 4:1-24",1.0,
missing,fbc-052619ss-commanded-to-obey,20190526,SS,,Commanded To Obey,http://fbcministries.net/sermons/052619SS-Commanded_To_Obey.mp3,"""To Obey Is Better"" I Samuel 15:22",0.25,
missing,fbc-051919pm-bring-them-in,20190519,PM,,Bring Them In,http://fbcministries.net/sermons/051919PM-Bring_Them_In.mp3,"""He Saw Them"" Mark 6:45-52",0.33,
missing,fbc-051219am-she-hid-him-three-months,20190512,AM,,She Hid Him Three Months,http://fbcministries.net/sermons/051219AM-She_Hid_Him_Three_Months.mp3,"""John Saw Him"" Revelation 1:9-20",0.17,
missing,fbc-051219ss-how-shall-they-hear,20190512,SS,,How Shall They Hear,http://fbcministries.net/sermons/051219SS-How_Shall_They_Hear.mp3,"""How Shall They Preach, Except They Be Sent"" Romans 10:13-17",0.33,
missing,fbc-050519pm-the-harvest-is-plenteous,20190505,PM,,The Harvest Is Plenteous,http://fbcministries.net/sermons/050519PM-The_Harvest_Is_Plenteous.mp3,,0.0,
review,fbc-050519am-we-are-his-witnesses,20190505,AM,,We Are His Witnesses,http://fbcministries.net/sermons/050519AM-We_Are_His_Witnesses.mp3,"""We Are His Workmanship"" Ephesians 2:10",0.5,
review,fbc-050519ss-every-where-preaching-the-word,20190505,SS,,Every Where Preaching The Word,http://fbcministries.net/sermons/050519SS-Every_Where_Preaching_The_Word.mp3,"""Went Every Where Preaching The Word"" Acts 8:1-4",0.8,
missing,fbc-050119mw-god-hath-power-to-help,20190501,MW,,God Hath Power To Help,http://fbcministries.net/sermons/050119MW-God_Hath_Power_To_Help.mp3,"""God Hath Dealt Graciously With Me"" Genesis 33:1-20",0.29,
missing,fbc-042819pm-the-fifth-day,20190428,PM,Genesis Series,The Fifth Day,http://fbcministries.net/sermons/Genesis_Series/042819PM-The_Fifth_Day.mp3,"""The Day Of Trouble"" Psalm 50:15",0.33,
review,fbc-042819am-are-you-ready,20190428,AM,,Are You Ready,http://fbcministries.net/sermons/042819AM-Are_You_Ready.mp3,"""Are You Ready?"" II Samuel 15:15",0.75,
missing,fbc-042819ss-the-salutation-of-paul,20190428,SS,,The Salutation Of Paul,http://fbcministries.net/sermons/042819SS-The_Salutation_Of_Paul.mp3,"""The Ministry of Paul"" Colossians 1:24-29",0.33,
missing,fbc-042419mw-thou-wilt-hear-and-help,20190424,MW,,Thou Wilt Hear And Help,http://fbcministries.net/sermons/042419MW-Thou_Wilt_Hear_And_Help.mp3,,0.0,
missing,fbc-042119pm-thy-greatness,20190421,PM,,Thy Greatness,http://fbcministries.net/sermons/042119PM-Thy_Greatness.mp3,"""According Unto The Greatness Of Thy Mercy"" Numbers 14:11-20",0.33,
missing,fbc-042119am-preached-through-jesus-the-resurrection-from-the-dead,20190421,AM,,Preached Through Jesus The Resurrection From The Dead,http://fbcministries.net/sermons/042119AM-Preached_Through_Jesus_The_Resurrection_From_The_Dead.mp3,"""Preached Unto Him Jesus""  Acts 8:26-40",0.33,
review,fbc-042119ss-nailing-it-to-his-cross,20190421,SS,,Nailing It To His Cross,http://fbcministries.net/sermons/042119SS-Nailing_It_To_His_Cross.mp3,"""Nailing It To His Cross"" Colossians 2:11-15",1.0,
missing,fbc-041719mw-it-is-nothing-with-thee-to-help,20190417,MW,,It Is Nothing With Thee To Help,http://fbcministries.net/sermons/041719MW-It_Is_Nothing_With_Thee_To_Help.mp3,"""Nothing Between My Soul and My Saviour"" Acts 24:16",0.2,
missing,fbc-041419pm-the-fourth-day,20190414,PM,Genesis Series,The Fourth Day,http://fbcministries.net/sermons/Genesis_Series/041419PM-The_Fourth_Day.mp3,"""The Day Of Trouble"" Psalm 50:15",0.33,
missing,fbc-041419am-truly-this-man-was-the-son-of-god,20190414,AM,,Truly This Man Was The Son Of God,http://fbcministries.net/sermons/041419AM-Truly_This_Man_Was_The_Son_Of_God.mp3,"""The Kind Of Man God Is Looking For"" Jeremiah 5:1; Ezekiel 22:30",0.29,
missing,fbc-041419ss-greetings-from-the-brethren,20190414,SS,,Greetings From The Brethren,http://fbcministries.net/sermons/041419SS-Greetings_From_The_Brethren.mp3,"""Brethren, Pray For Us"" I Thessalonians 5:25",0.2,
missing,fbc-041019mw-i-am-helped,20190410,MW,,I Am Helped,http://fbcministries.net/sermons/041019MW-I_Am_Helped.mp3,"""I Am The Lord Your God"" Leviticus 18:1-5",0.4,
missing,fbc-040719pm-the-third-day,20190407,PM,,The Third Day,http://fbcministries.net/sermons/040719PM-The_Third_Day.mp3,"""The Day Of Trouble"" Psalm 50:15",0.33,
missing,fbc-040719ss-a-final-charge,20190407,SS,,A Final Charge,http://fbcministries.net/sermons/040719SS-A_Final_Charge.mp3,"""Jacob's Final Request"" Genesis 49:29 - 50:14",0.2,
review,fbc-040719am-walk-worthy,20190407,AM,,Walk Worthy,http://fbcministries.net/sermons/040719AM-Walk_Worthy.mp3,"""Walk Worthy"" I Thessalonians 2:12",0.67,
missing,fbc-040319mw-the-lord-helped-us,20190403,MW,,The Lord Helped Us,http://fbcministries.net/sermons/040319MW-The_Lord_Helped_Us.mp3,"""It May Be That The Lord Will Work For Us"" I Samuel 14:1-23",0.33,
missing,fbc-033119pm-the-second-day,20190331,PM,Genesis Series,The Second Day,http://fbcministries.net/sermons/Genesis_Series/033119PM-The_Second_Day.mp3,"""The Day Of Trouble"" Psalm 50:15",0.33,
missing,fbc-033119am-unto-him-that-is-able,20190331,AM,,Unto Him That Is Able,http://fbcministries.net/sermons/033119AM-Unto_Him_That_Is_Able.mp3,"""God Is Able""  Ephesians 3:20-21",0.33,
missing,fbc-033119ss-partners-in-the-ministry,20190331,SS,,Partners In The Ministry,http://fbcministries.net/sermons/033119SS-Partners_In_The_Ministry.mp3,"""Fulfil Your Ministry"" Colossians 4:14-18",0.33,
missing,fbc-032719mw-the-lord-is-my-helper,20190327,MW,,The Lord Is My Helper,http://fbcministries.net/sermons/032719MW-The_Lord_Is_My_Helper.mp3,"""Great Is The Lord"" Psalm 48:1-2",0.33,
missing,fbc-032419pm-the-first-day,20190324,PM,Genesis Series,The First Day,http://fbcministries.net/sermons/Genesis_Series/032419PM-The_First_Day.mp3,"""The Day Of Trouble"" Psalm 50:15",0.33,
missing,fbc-032419am-the-unsearchable-riches-of-christ,20190324,AM,,The Unsearchable Riches Of Christ,http://fbcministries.net/sermons/032419AM-The_Unsearchable_Riches_Of_Christ.mp3,"""Consider Christ"" Hebrews 12:3",0.25,
missing,fbc-032419ss-open-doors,20190324,SS,,Open Doors,http://fbcministries.net/sermons/032419SS-Open_Doors.mp3,,0.0,
missing,fbc-032019mw-it-is-worth-it,20190320,MW,,It Is Worth It,http://fbcministries.net/sermons/032019MW-It_Is_Worth_It.mp3,,0.0,
missing,fbc-031719pm-god-created,20190317,PM,Genesis Series,God Created,http://fbcministries.net/sermons/Genesis_Series/031719PM-God_Created.mp3,"""God Is Able""  Ephesians 3:20-21",0.33,
missing,fbc-031719am-the-household-of-god,20190317,AM,,The Household Of God,http://fbcministries.net/sermons/031719AM-The_Household_Of_God.mp3,"""God Is Able""  Ephesians 3:20-21",0.33,
missing,fbc-031719ss-the-collection-for-the-saints,20190317,SS,,The Collection For The Saints,http://fbcministries.net/sermons/031719SS-The_Collection_For_The_Saints.mp3,"""To The Saints At Colosse"" Colossians 1:1-8",0.33,
missing,fbc-031319mw-that-ye-may-grow,20190313,MW,,That Ye May Grow,http://fbcministries.net/sermons/031319MW-That_Ye_May_Grow.mp3,"""That My Soul May Bless Thee"" Genesis 27:1-46",0.25,
missing,fbc-031019pm-in-the-beginning,20190310,PM,Genesis Series,In The Beginning,http://fbcministries.net/sermons/Genesis_Series/031019PM-In_The_Beginning.mp3,,0.0,
missing,fbc-010817pm-the-deceitfulness-of-alcohol,20170108,PM,,The Deceitfulness Of Alcohol,http://fbcministries.net/sermons/010817PM-The_Deceitfulness_Of_Alcohol.mp3,,0.0,
